<tool id="gen_density_plots" name="Generate scatter plots" version="1.0">
  <description>for any given markers in FCS file.</description>
  <requirements>
    <requirement type="package" version="3.3.0">r</requirement>
    <requirement type="package" version="1.38.2">bioconductor-flowcore</requirement>
    <requirement type="package" version="1.6.0">bioconductor-flowdensity</requirement>
  </requirements>
  <stdio>
    <exit_code range="10" level="fatal" description="Please provide a comma separated list of channels to plot" />
    <exit_code range="11" level="fatal" description="Please provide numeric values for the list of channels to plot" />
  </stdio>
  <command><![CDATA[
      Rscript --slave --vanilla $__tool_directory__/getDensityPlots.R --args "${input}" "${channels}" "${output}"
  ]]>
  </command>
  <inputs>
    <param format="fcs" name="input" type="data" label="FCS file"/>
    <param name="channels" type="text" label="Markers to plot:" value="i.e.:1,3,4"/>
  </inputs>
  <outputs>
    <data format="pdf" name="output" label="Scatter Plots of ${channels} from ${input.name}"/>
  </outputs>
  <tests>
    <test>
      <param name="input" value="testfcs1.fcs"/>
      <param name="channels" value="1,3"/>
      <output name="output" file="graph.pdf"/>
    </test>
  </tests>
 <help><![CDATA[
   This tool allows automated gating of debris using flowDensity and conversion of FCS files to text using the FCSTrans transformation.
   
-----

**Input files**

This tool takes valid FCS files as input.

**Output files**

This tool generates a scatter plot for each marker combination in a single pdf.

-----

**Example**

*Output*: 

.. image:: static/images/densityplots.png
  ]]>
  </help>
</tool>
